{"IcoMoonType":"selection","icons":[{"icon":{"paths":["M938 512q0-88-33-165t-92-136-136-92-165-33-165 33-136 92-92 136-33 165q0 78 25 147t72 125 109 94 134 52v-290h-84v-128h84v-106q0-42 21-76t54-54 75-20h106v128h-84q-18 0-31 13t-13 29v86h128v128h-128v296q82-8 152-44t122-93 81-130 29-157z"],"attrs":[{}],"isMulticolor":false,"isMulticolor2":false,"tags":["facebook"],"grid":24},"attrs":[{}],"properties":{"order":11,"id":0,"name":"facebook","prevSize":24,"code":59648},"setIdx":0,"setId":4,"iconIdx":0}],"height":1024,"metadata":{"name":"icomoon"},"preferences":{"showGlyphs":true,"showQuickUse":true,"showQuickUse2":true,"showSVGs":true,"fontPref":{"prefix":"icon-","metadata":{"fontFamily":"icomoon"},"metrics":{"emSize":1024,"baseline":6.25,"whitespace":50},"embed":false},"imagePref":{"prefix":"icon-","png":true,"useClassSelector":true,"color":0,"bgColor":16777215,"classSelector":".icon"},"historySize":50,"showCodes":true,"gridSize":16}}